id,name,place,start_day,end_day
1,JDTオープニングフェスタ,夢の島,1998-04-01,1998-04-01
2,関東学生陸上競技対校選手権大会,横浜国際,1998-05-17,1998-05-17
3,日本体育大学長距離競技会,日体大,1999-11-28,1999-11-28
4,東大記録会,,2001-01-01,2001-01-01
5,日体大長距離競技会,,2001-01-01,2001-01-01
6,第1回　東京学芸大記録会,,2001-01-01,2001-01-01
7,第33回　関東理工系学生陸上競技大会,,2001-01-01,2001-01-01
8,国士舘記録会,,2001-01-01,2001-01-01
9,第16回　国公立22大学対校陸上競技大会,,2001-01-01,2001-01-01
10,第5回　筑波大競技会,筑波大,2001-01-01,2001-01-01
11,第10回　関東学生競技会,,2001-01-01,2001-01-01
12,第49回　東京地区国公立大学対校陸上競技大会,,2001-01-01,2001-01-01
13,平成13年度　6大学対校陸上競技大会,,2001-01-01,2001-01-01
14,第133回　日体大長距離競技会,,2001-01-01,2001-01-01
15,四大対校陸上競技大会,,2002-04-14,2002-04-14
16,国士舘大学競技会,,2002-04-27,2002-04-28
17,日体大競技会,,2002-05-04,2002-05-04
18,第50回　東京地区国公立大学対校陸上競技大会,,2002-05-25,2002-05-25
19,早稲田大学陸上競技同好会記録会,,2002-06-16,2002-06-16
20,関東学生新人陸上競技選手権大会,,2002-07-06,2002-07-06
21,東海大学長距離記録会（ナイター）,,2002-07-06,2002-07-06
22,エブリバディ・デカスロン記録会部門,,2002-07-07,2002-07-07
23,平成14年度　6大学対校陸上競技大会,,2002-08-10,2002-08-10
24,第34回　関東理工系学生陸上競技大会,,2002-09-21,2002-09-22
25,第17回　国公立22大学対校陸上競技大会,,2002-10-04,2002-10-06
26,第　秋季東大記録会,,2002-11-02,2002-11-03
27,第1回　かわさき陸上競技フェスティバル,,2002-11-03,2002-11-04
28,第11回　関東学生競技会 兼 第6回　国士舘大学競技会,,2002-11-10,2002-11-10
29,第144回　日体大長距離競技会,,2002-11-17,2002-11-17
30,第145回　日体大長距離競技会,,2002-12-01,2002-12-01
31,第147回　日体大長距離競技会,,2003-03-30,2003-03-30
32,第27回　4大学対校陸上競技大会,,2003-04-06,2003-04-06
33,第2回　関東学生競技会,,2003-04-13,2003-04-13
34,第4回　関東学生競技会,,2003-04-26,2003-04-27
35,第149回　日本体育大学長距離競技会,,2003-04-29,2003-04-29
36,第82回　関東学生陸上競技対校選手権大会,,2003-05-16,2003-05-16
37,第51回　東京地区国公立大学対校陸上競技大会,,2003-05-31,2003-05-31
38,第33回　日本体育大学陸上競技会,,2003-06-07,2003-06-07
39,第15回　早稲田大学陸上競技同好会記録会,,2003-06-15,2003-06-15
40,第151回　日本体育大学長距離競技会,,2003-06-29,2003-06-29
41,平成15年度　6大学対校陸上競技大会,,2003-08-09,2003-08-09
42,第35回　関東理工系学生陸上競技大会,,2003-09-20,2003-09-21
43,第18回　全国国公立22大学対校陸上競技大会,,2003-10-03,2003-10-05
44,第4回　国士舘大学競技会,,2003-10-11,2003-10-11
45,第28回　六大学対校陸上競技大会,,2003-11-01,2003-11-01
46,第05回　国士舘大学競技会,,2003-11-09,2003-11-09
47,第154回　日本体育大学長距離競技会,,2003-11-16,2003-11-16
48,長距離競技会,,2003-11-30,2003-11-30
49,4大学対校陸上競技会,,2004-04-04,2004-04-04
50,第三回　関東学生競技会,,2004-04-11,2004-04-11
51,第38回　日本体育大学陸上競技会 兼 第5回　関東学生競技会,,2004-04-24,2004-04-25
52,第158回　日本体育大学長距離競技会,,2004-04-29,2004-04-29
53,第38回　関東学生陸上競技対校選手権大会,,2004-05-14,2004-05-17
54,第52回　東京地区国公立大学対校陸上競技大会,,2004-05-22,2004-05-22
55,学芸大記録会,,2004-06-05,2004-06-05
56,第1回　11大学対校陸上競技大会,上柚木,2004-07-03,2004-07-03
57,第19回　国公立22大学対校陸上競技大会,,2004-09-07,2004-09-09
58,第36回　関東理工系学生陸上競技大会,,2004-09-19,2004-09-20
59,第3回　かわさき陸上競技フェスティバル,,2004-10-16,2004-10-17
60,秋季東京大学記録会,,2004-10-30,2004-10-31
61,第46回　日本体育大学陸上競技会,,2004-11-06,2004-11-07
62,第6回　国士舘大学競技会,,2004-11-07,2004-11-07
63,第25回　関東私学六大学陸上競技大会,,2004-11-13,2004-11-13
64,第164回　日本体育大学長距離競技会,,2004-11-14,2004-11-14
65,第165回　日本体育大学長距離競技会,,2004-11-27,2004-11-28
66,第12回　早稲田大学陸上競技同好会記録挑戦会,,2005-01-09,2005-01-09
67,第6回　所沢市陸上競技選手権大会,,2005-01-10,2005-01-10
68,第4回　かわさき陸上競技フェスティバル,,2005-01-15,2005-01-15
69,第53回　日本体育大学陸上競技会,,2005-01-29,2005-01-29
70,第1回　国士舘大学競技会,,2005-03-31,2005-03-31
71,第167回　日本体育大学長距離競技会,,2005-04-02,2005-04-02
72,春季東京大学記録会,,2005-04-02,2005-04-02
73,第3回　関東学生競技会,,2005-04-17,2005-04-17
74,第168回　日本体育大学長距離競技会,,2005-04-17,2005-04-17
75,第1回　日本大学記録会,,2005-04-23,2005-04-23
76,第?回　日体大記録会,,2005-04-30,2005-04-30
77,第84回　関東学生陸上競技対校選手権大会,,2005-05-08,2005-05-08
78,第53回　東京地区国公立大学対校陸上競技大会,,2005-05-21,2005-05-21
79,第169回　日本体育大学長距離競技会,,2005-05-29,2005-05-29
80,第2回　11大学対校陸上競技大会,,2005-06-18,2005-06-18
81,第171回　日本体育大学長距離競技会,,2005-06-26,2005-06-26
82,第20回　国公立22大学対校陸上競技大会,,2005-09-16,2005-09-16
83,第37回　関東理工系学生陸上競技大会,,2005-09-19,2005-09-19
84,第172回　日体大長距離記録会,日体大,2005-09-24,2005-09-24
85,第16回　関東学生新人陸上競技選手権大会,,2005-09-24,2005-09-24
86,第5回　国士舘大学競技会,,2005-11-06,2005-11-06
87,第174回　日体大長距離記録会,,2005-11-27,2005-11-27
88,第91回　東海大記録会,,2005-12-03,2005-12-03
89,東海大記録会,,2005-12-03,2005-12-03
90,2006横浜インドアオープン競技会,,2006-02-19,2006-02-19
91,関東学連春季オープン競技会,,2006-03-25,2006-03-25
92,第１回　国士舘大学競技会,,2006-03-30,2006-03-30
93,第１回　東京大学競技会,,2006-04-01,2006-04-01
94,第2回　国士舘大学競技会,,2006-04-16,2006-04-16
95,第177回　日本体育大学長距離競技会,,2006-04-16,2006-04-16
96,早稲田大学競技会,,2006-04-23,2006-04-23
97,第178回　日本体育大学長距離競技会,,2006-04-30,2006-04-30
98,第3回　日本体育大学競技会,,2006-05-03,2006-05-03
99,第3回　国士舘大学競技会,,2006-05-05,2006-05-05
100,第85回　関東学生陸上競技対校選手権大会,,2006-05-13,2006-05-13
101,第54回　東京地区国公立対校戦,,2006-05-27,2006-05-27
102,第98回　東海大学長距離記録会,,2006-06-03,2006-06-03
103,第55回　日本体育大学陸上競技大会,,2006-06-03,2006-06-03
104,第3回　12大学対校陸上競技大会,,2006-06-17,2006-06-17
105,群馬県陸上選手権大会,,2006-06-24,2006-06-24
106,第190回　日本体育大学長距離競技会,,2006-06-25,2006-06-25
107,第4回　東京学芸大学競技会,,2006-07-02,2006-07-02
108,関東学生夏季オープン競技会,,2006-08-27,2006-08-27
109,第38回　関東理工系学生陸上競技大会,,2006-09-09,2006-09-09
110,第21回　国公立22大学対校陸上競技大会,,2006-09-29,2006-09-29
111,第5回　かわさき陸上競技フェスティバル,,2006-10-09,2006-10-09
112,第182回　日本体育大学長距離競技会,,2006-10-22,2006-10-22
113,第3回　東京大学競技会,,2006-10-28,2006-10-28
114,第99回　東海大学長距離記録会,,2006-12-02,2006-12-02
115,上尾市陸上競技選手権 冬季大会,,2006-12-23,2006-12-23
116,第4回　東京大学競技会,,2007-03-24,2007-03-24
117,第5回 国士舘大学競技会,,2007-03-30,2007-03-30
118,第185回 日本体育大学長距離競技会,,2007-04-15,2007-04-15
119,第1回 国士舘大学競技会,,2007-04-15,2007-04-15
120,第58回 日本体育大学陸上競技会,,2007-05-03,2007-05-03
121,第4回 N.S.S.Uオープン競技会,,2007-05-04,2007-05-04
122,第102回 東海大学長距離競技会,,2007-05-05,2007-05-05
123,第86回　関東学生陸上競技対校選手権大会,,2007-05-12,2007-05-12
124,第55回 東京地区国公立大学対校陸上競技大会,,2007-05-26,2007-05-26
125,第103回 東海大学長距離記録会,,2007-06-02,2007-06-02
126,第104回 東海大学長距離記録会,,2007-06-23,2007-06-23
127,第189回 日本体育大学長距離競技会,,2007-06-24,2007-06-24
128,第4回 13大学対校陸上競技大会,上柚木公園陸上競技場,2007-06-30,2007-06-30
129,群馬県陸上競技選手権大会,,2007-07-15,2007-07-15
130,島根県記録会,,2007-08-11,2007-08-11
131,第39回 関東理工系学生対校陸上競技大会,,2007-09-08,2007-09-08
132,第39回関東理工系学生対校陸上競技大会,,2007-09-08,2007-09-08
133,第22回 国公立22大学対校陸上競技大会,,2007-09-28,2007-09-28
134,秋季オープン,,2007-10-13,2007-10-13
135,第60回 日本体育大学陸上競技会,日本体育大学健志台陸上競技場,2007-10-13,2007-10-13
136,第190回 日本体育大学長距離競技会,日体大,2007-10-20,2007-10-20
137,第五回 東京大学競技会,東京大学,2007-10-27,2007-10-27
138,第4回 国士舘大学競技会,国士舘大学,2007-11-11,2007-11-11
139,第191回 日本体育大学長距離競技会,日本体育大学健志台陸上競技場,2007-12-01,2007-12-01
140,第140回 松戸市陸上競技記録会,,2007-12-22,2007-12-22
141,第52回調布駅伝大会,,2008-01-27,2008-01-27
142,第4回関東学連クロスカントリーオープン競技会,,2008-02-16,2008-02-16
143,立川・昭島マラソン,,2008-03-09,2008-03-09
144,越谷市春季記録会,,2008-03-22,2008-03-22
145,東京大学競技会,,2008-03-22,2008-03-22
146,第5回国士舘大学競技会,,2008-03-27,2008-03-27
147,埼玉県春季記録会,,2008-04-13,2008-04-13
148,第1回早稲田大学競技会,早稲田大学織田幹雄記念陸上競技場,2008-04-20,2008-04-20
149,第61回日本体育大学競技会,日体大,2008-05-03,2008-05-03
150,越谷市陸上記録会,越谷市立しらこばと運動公園競技場,2008-05-04,2008-05-04
151,平成国際大学競技会,大東文化大学陸上競技場,2008-05-04,2008-05-04
152,第194回日本体育大学長距離競技会,日本体育大学健志台陸上競技場,2008-05-05,2008-05-05
153,第87回関東学生陸上競技対校選手権大会,平塚市総合公園平塚競技場,2008-05-17,2008-05-17
154,東日本実業団,熊谷スポーツ文化公園陸上競技場,2008-05-17,2008-05-17
155,東京地区国公立大学対校陸上競技大会,八王子市立柚木公園陸上競技場,2008-05-31,2008-05-31
156,日本学生陸上競技個人選手権大会,平塚市総合公園平塚競技場,2008-06-07,2008-06-07
157,第8回八大学対校陸上競技大会,,2008-06-08,2008-06-08
158,第63回埼玉県陸上競技選手権大会,熊谷スポーツ文化公園陸上競技場,2008-06-08,2008-06-08
159,第5回14大学対校陸上競技大会,,2008-06-28,2008-06-28
160,第113回東海大学ナイター記録会,東海大学湘南校舎陸上競技場,2008-07-05,2008-07-05
161,第114回東海大学ナイター記録会,東海大学湘南校舎陸上競技場,2008-07-12,2008-07-12
162,越谷選手権,越谷市立しらこばと運動公園競技場,2008-08-09,2008-08-09
163,第81回関東陸上競技選手権大会,,2008-08-24,2008-08-24
164,N.S.S.Uオープン競技会,日本体育大学健志台陸上競技場,2008-08-30,2008-08-30
165,横浜ナイター競技会,横浜市三ツ沢公園陸上競技場,2008-09-06,2008-09-06
166,鴻巣市陸上競技選手権大会,鴻巣市立陸上競技場,2008-09-07,2008-09-07
167,第19回関東学生新人陸上競技選手権大会,国立競技場,2008-09-20,2008-09-20
168,第23回国公立23大学対校陸上競技大会,,2008-09-26,2008-09-26
169,第23回国さむ公立23大学対校陸上競技大会,,2008-09-26,2008-09-26
170,全日本実業団,,2008-09-28,2008-09-28
171,第7回順天堂大学競技会,順天堂大学陸上競技場,2008-10-04,2008-10-04
172,県下クラブ対抗戦,,2008-10-05,2008-10-05
173,かわさき陸上フェスティバル,等々力,2008-10-09,2008-10-09
174,第７回かわさき陸上競技フェスティバル,等々力,2008-10-19,2008-10-19
175,第198回日本体育大学長距離競技会,日本体育大学健志台陸上競技場,2008-10-26,2008-10-26
176,第7回東京大学競技会,東京大学教養学部第一グラウンド,2008-11-08,2008-11-08
177,第7回国士舘大学競技会,国士舘大学,2008-11-09,2008-11-09
178,第7回23大学対校駅伝,,2008-11-24,2008-11-24
179,第177回東海大学記録会,東海大学湘南校舎陸上競技場,2008-11-30,2008-11-30
180,第200回日本体育大学長距離競技会,日本体育大学健志台陸上競技場,2008-12-13,2008-12-13
181,第9回荒川河川敷大学対校駅伝,荒川河川敷,2008-12-21,2008-12-21
182,2008上尾市陸上競技選手権冬季大会,上尾運動公園陸上競技場,2008-12-23,2008-12-23
183,第53回調布市民駅伝競走大会,調布市役所,2009-01-25,2009-01-25
184,第5回関東学生クロスカントリーオープン競技会,東京大学検見川総合運動場,2009-02-14,2009-02-14
185,第28回立川・昭島マラソン,昭和記念公園,2009-03-08,2009-03-08
186,第8回国士舘大学競技会,国士舘大学,2009-03-21,2009-03-21
187,佐倉朝日健康マラソン,岩名運動公園,2009-03-29,2009-03-29
188,第2回筑波大競技会,筑波大学,2009-04-18,2009-04-18
189,第2回国士舘大学競技会,国士舘大学,2009-05-03,2009-05-03
190,越谷陸上競技記録会,,2009-05-04,2009-05-04
191,第4回日本大学競技会,,2009-05-06,2009-05-06
192,第88回関東学生陸上競技選手権大会,,2009-05-16,2009-05-16
193,第57回東京地区国公立大学対校陸上競技大会,,2009-05-31,2009-05-31
194,第3回国士舘大学競技会,,2009-06-06,2009-06-06
195,第64回埼玉県陸上競技選手権大会,,2009-06-07,2009-06-07
196,第6回14大学対校陸上競技大会,,2009-06-28,2009-06-28
197,山形県陸上競技選手権大会,,2009-07-11,2009-07-11
198,第5回越谷市陸上競技選手権大会,,2009-08-01,2009-08-01
199,関東選手権,,2009-08-23,2009-08-23
200,上尾市陸上競技選手権大会,,2009-08-29,2009-08-29
201,第41回関東理工系学生対校陸上競技選手権大会,,2009-09-12,2009-09-12
202,第24回国公立22大学対校陸上競技大会,,2009-09-19,2009-09-19
203,関東学連秋季オープン競技会,,2009-10-12,2009-10-12
204,第34回高島平ロードレース大会,,2009-10-18,2009-10-18
205,第202回日体大長距離記録会,,2009-10-24,2009-10-24
206,第9回東京大学競技会,,2009-10-31,2009-10-31
207,第203回日体大長距離競技会,,2009-11-07,2009-11-07
208,第6回国士舘大学競技会,,2009-11-14,2009-11-14
209,第8回22大学対校駅伝,,2009-11-22,2009-11-22
210,第205回日体大長距離競技会,,2009-12-06,2009-12-06
211,第27回平成国際大学競技会,,2009-12-12,2009-12-12
212,第10回荒川河川敷大学対校駅伝,,2009-12-20,2009-12-20
213,2009年度上尾市陸上競技選手権,,2009-12-23,2009-12-23
214,第45回「新春」東京喜多(北)マラソン大会,,2010-01-17,2010-01-17
215,第54回 調布市民駅伝競走大会,,2010-01-31,2010-01-31
216,第32回 神奈川マラソン,,2010-02-07,2010-02-07
217,第4回 ふかやシティハーフマラソン,,2010-02-28,2010-02-28
218,第29回 立川・昭島マラソン,,2010-03-14,2010-03-14
219,国士館大学競技会,,2010-03-27,2010-03-27
220,行田市鉄剣マラソン大会,,2010-04-04,2010-04-04
221,第1回　国士館大学競技会,,2010-04-10,2010-04-10
222,日体大長距離記録会,,2010-04-17,2010-04-17
223,第28回 平成国際大学競技会,,2010-05-02,2010-05-02
224,第65回 日本体育大学陸上競技会,,2010-05-03,2010-05-03
225,第89回 関東学生陸上競技対校選手権大会,,2010-05-15,2010-05-15
226,日体大記録会,,2010-05-29,2010-05-29
227,世田谷記録会,,2010-06-19,2010-06-19
228,第66回　日本体育大学陸上競技会,,2010-06-26,2010-06-26
229,第７回１４大学対校陸上競技大会,,2010-07-11,2010-07-11
230,第42回　関東理工系学生陸上競技大会,,2010-09-11,2010-09-11
231,第25回　国公立22大学対校陸上競技大会,,2010-09-24,2010-09-24
232, 秋季オープン競技会,,2010-10-11,2010-10-11
233, 早稲田大学陸上競技同好会記録挑戦会,,2010-10-17,2010-10-17
234, 日体大記録会,日体大,2010-10-23,2010-10-23
235, 平成国際大学記録会,,2010-10-23,2010-10-23
236,川崎陸上競技フェスティバル,,2010-10-24,2010-10-24
237, 全日本競歩高畠大会,,2010-10-31,2010-10-31
238, ぐんま県民マラソン,,2010-11-03,2010-11-03
239,東大競技会,東京大学,2010-11-06,2010-11-07
240,東海大学記録会,,2010-11-13,2010-11-13
241,第1回　東京大学ディスタンスチャレンジ　　,,2010-11-28,2010-11-28
242,小江戸川越マラソン2010,,2010-11-28,2010-11-28
243,第11回 荒川河川敷大学対校駅伝,,2010-12-19,2010-12-19
244,上尾市陸上競技選手権冬季大会,,2010-12-23,2010-12-23
245,第35回 千葉マリンマラソン,千葉県千葉市美浜区,2011-01-23,2011-01-23
246,第55回 調布市民駅伝競走大会,調布市内,2011-01-31,2011-01-31
247,第6回 国士舘大学競技会,国士舘大学,2011-03-30,2011-03-30
248,第214回　日本体育大学長距離競技会,日本体育大学,2011-04-16,2011-04-17
249,第215回 日本体育大学長距離競技会?,日本体育大学,2011-04-30,2011-05-01
250,第68回日本体育大学陸上競技会,日本体育大学,2011-05-01,2011-05-03
251,第90回関東学生陸上競技対校選手権大会,国立競技場,2011-05-14,2011-05-15
252,第217回　日本体育大学長距離競技会,日本体育大学,2011-06-11,2011-06-11
253,第3回 国士舘大学競技会,国士舘大学,2011-06-25,2011-06-25
254,第70回 日本体育大学陸上競技会,日本体育大学,2011-06-25,2011-06-25
255,第7回NSSUオープン,日本体育大学,2011-08-20,2011-08-21
256,第43回 関東理工系学生対校陸上競技大会,鴻巣市立陸上競技場,2011-09-02,2011-09-02
257,第26回　国公立22大学対校陸上競技大会,古河市広域中央運動公園陸上競技場,2011-09-17,2011-09-17
258,第219回　日本体育大学長距離競技会,日本体育大学,2011-10-29,2011-10-29
259,第10回 かわさき陸上競技フェスティバル,等々力,2011-10-29,2011-10-29
260,第14回　東京大学競技会,東京大学,2011-11-05,2011-11-05
261,JBMA神宮外苑ロードレース,国立霞ヶ丘競技場及び外苑周回道路,2011-11-13,2011-11-13
262,第8回14大学対校陸上競技大会,新座市立陸上競技場,2011-11-26,2011-11-26
263,第221回　日本体育大学長距離競技会,日本体育大学,2011-12-04,2011-12-04
264,第38回平成国際大学競技会,平成国際大学,2011-12-10,2011-12-10
265,第12回 荒川河川敷大学対校駅伝,荒川河川敷,2011-12-18,2011-12-18
266,上尾市陸上競技選手権結果,,2011-12-23,2011-12-23
267,春期オープン,江東区夢の島競技場,2012-03-22,2012-03-22
268,第8回国士館競技会,国士館,2012-03-26,2012-03-26
269,第1回国士舘大学競技会,国士舘,2012-04-07,2012-04-07
270,神奈川県記録会,神奈川県川崎市等々力陸上競技場,2012-04-14,2012-04-14
271,第73回日本体育大学記録会,日本体育大学健志台競技場,2012-04-28,2012-04-28
272,第223回日本体育大学長距離競技会,日本体育大学健志台競技場,2012-05-05,2012-05-05
273,石川県選手権大会,西部緑地公園,2012-05-05,2012-05-05
274,第91回関東学生陸上競技対校選手権大会,国立競技場,2012-05-12,2012-05-12
275,第60回東京地区国公立大学対校陸上競技大会,都立大井ふ頭中央海浜公園陸上競技場,2012-06-02,2012-06-02
276,第9回13大学対校陸上競技大会,小田原市城山陸上競技場,2012-06-16,2012-06-16
277,早大同記録会,舎人公園陸上競技場,2012-06-23,2012-06-23
278,第67回国民体育大会石川県予選会,西部緑地公園,2012-07-14,2012-07-14
279,第5回日本大学競技会,日本大学,2012-07-15,2012-07-15
280,第64回石川県民体育大会,志賀町陸上競技場,2012-08-12,2012-08-12
281,第27回国公立22大学対校陸上競技大会,仙台市陸上競技場,2012-08-28,2012-08-28
282,第44回関東理工系学生対校陸上競技大会,鴻巣市立陸上競技場,2012-09-08,2012-09-08
283,第76回日本体育大学陸上競技会,日本体育大学健志台競技場,2012-09-29,2012-09-29
284,早稲田大学陸上競技同好会記録挑戦会,上柚木公園陸上競技場,2012-09-30,2012-09-30
285,越谷カップ陸上競技記録会,越谷陸上競技場,2012-10-27,2012-10-27
286,第39回平成国際大学競技会,鴻巣市立陸上競技場,2012-10-27,2012-10-27
287,第11回かわさき陸上競技フェスティバル,等々力陸上競技場,2012-10-28,2012-10-28
288,第16回東京大学競技会,東京大学,2012-11-03,2012-11-03
289,日本体育大学陸上競技選手権,日本体育大学健志台競技場,2012-11-10,2012-11-10
290,第227回日本体育大学長距離競技会,日本体育大学健志台競技場,2012-11-18,2012-11-18
291,第228回日本体育大学長距離競技会,日本体育大学健志台競技場,2012-12-01,2012-12-01
292,第13回荒川河川敷大学対校駅伝,荒川河川敷,2012-12-16,2012-12-16
293,第13回日本体育大学女子長距離競技会,日本体育大学健志台競技場,2012-12-22,2012-12-22
294,第57回調布市民駅伝競走大会,味の素スタジアム,2013-01-27,2013-01-27
295,第10回22大学対校陸上競技大会,熊谷スポーツ文化公園陸上競技場,2013-02-16,2013-02-16
296,藍の町羽生さわやかマラソン,,2013-03-10,2013-03-10
297,第17回東京大学競技会,東京大学陸上競技場,2013-03-17,2013-03-17
298,藤間杯棒高跳競技会,浦和駒場スタジアム,2013-03-20,2013-03-20
299,第9回越谷市春季陸上競技記録会,越谷市立しらこばと運動公園陸上競技場,2013-03-23,2013-03-23
300,第1回筑波大学競技会,筑波大学陸上競技場,2013-04-01,2013-04-01
301,第78回日本体育大学競技会,日本体育大学健志台陸上競技場,2013-04-27,2013-04-27
302,第16回豊島区春季陸上競技会,江東区夢の島競技場,2013-05-04,2013-05-04
303,第74回石川県陸上競技選手権大会,石川県西部緑地公園陸上競技場,2013-05-04,2013-05-04
304,日本大学競技会,日本大学陸上競技場,2013-05-05,2013-05-05
305,第230回日本体育大学長距離競技会,日本体育大学健志台陸上競技場,2013-05-11,2013-05-11
306,第92回関東学生陸上競技選手権大会,国立競技場,2013-05-18,2013-05-18
307,第61回東京地区国公立大学対校陸上競技大会,町田市立陸上競技場,2013-06-01,2013-06-01
308,第231回日本体育大学長距離競技会,日本体育大学健志台陸上競技場,2013-06-15,2013-06-15
309,2013日本学生陸上競技個人選手権大会,:Shonan BMWスタジアム平塚,2013-06-22,2013-06-22
310,第10回13大学対校陸上競技大会,八王子市上柚木公園陸上競技場,2013-07-06,2013-07-06
311,第154回東海大学長距離競技会,東海大学湘南校舎陸上競技場,2013-07-13,2013-07-13
312,第68回国民体育大会（陸上競技）石川県予選会,石川県西部緑地公園陸上競技場,2013-07-21,2013-07-21
313,第9回N.S.S.Uオープン競技会,日本体育大学健志台陸上競技場,2013-08-11,2013-08-11
314,第57回北陸陸上競技選手権大会,新潟市陸上競技場,2013-08-24,2013-08-24
315,2013東京アスレチックチャレンジ,国立競技場,2013-09-01,2013-09-01
316,第24回関東学生新人陸上競技選手権大会　 兼　関東学生リレー競技会,国立競技場,2013-09-15,2013-09-15
317,第45回関東理工系学生対校陸上競技大会,鴻巣市陸上競技場,2013-09-22,2013-09-22
318,第28回国公立23大学対校陸上競技大会,町田市立陸上競技場,2013-10-14,2013-10-14
319,第12回かわさき陸上競技フェスティバル,町田市立陸上競技場,2013-10-20,2013-10-20
320,第７回国士舘大学競技会,国士舘大学多摩陸上競技場,2013-11-02,2013-11-02
321,第18回東京大学陸上競技会,東京教養学部第一グラウンド,2013-11-02,2013-11-02
322,第20回早稲田大学陸上競技同好会記録挑戦会,町田市立陸上競技場,2013-11-09,2013-11-09
323,第234回日本体育大学長距離競技会,日本体育大学健志台陸上競技場,2013-11-17,2013-11-17
324,10000m記録挑戦競技会,国立競技場,2013-11-23,2013-11-23
325,第235回日本体育大学長距離競技会,日本体育大学健志台陸上競技場,2013-12-01,2013-12-01
326,第14回荒川河川敷対校駅伝大会,荒川河川敷,2013-12-15,2013-12-15
327,第８回上尾市陸上競技選手権大会冬季大会,上尾運動公園陸上競技場,2013-12-23,2013-12-23
328,第11回国公立23大学対校駅伝大会,,2014-01-18,2014-01-18
329,第58回調布市民駅伝競走大会,,2014-01-26,2014-01-26
330,第１回OB戦,電気通信大学多摩川グラウンド,2014-03-23,2014-03-23
331,平成25年度関東学連春季オープン競技会,上柚木公園陸上競技場,2014-03-27,2014-03-27
332,第4回東京ラビッツ陸上　春季競技会,駒沢オリンピック公園陸上競技場 ,2014-04-13,2014-04-13
333,第77回東京陸上競技選手権大会,国立霞ヶ丘競技場,2014-04-19,2014-04-19
334,第237回日本体育大学長距離競技会,日本体育大学健志台陸上競技場,2014-04-26,2014-04-26
335,第2回日本大学競技会,日本大学文理学部陸上競技場,2014-04-29,2014-04-29
336,第83回日本体育大学陸上競技会,日本体育大学健志台陸上競技場,2014-05-03,2014-05-03
337,第3回日本大学競技会,日本大学文理学部陸上競技場,2014-05-04,2014-05-04
338,第93回関東学生陸上競技対校選手権大会,熊谷スポーツ文化公園陸上競技場,2014-05-17,2014-05-17
339,第98回日本陸上競技選手権大会,とうほう・みんなのスタジアム（県営あづま陸上競技場）,2014-06-06,2014-06-06
340,第62回東京地区国公立大学対校陸上競技大会,八王子市上柚木公園陸上競技場,2014-06-07,2014-06-07
341,2014日本学生陸上競技個人選手権大会,Shonan BMW スタジアム平塚,2014-06-21,2014-06-21
342,第11回13大学対校陸上競技大会,都立大井ふ頭中央海浜公園陸上競技場,2014-06-28,2014-06-28
343,第86回日本体育大学陸上競技会,日本体育大学健志台陸上競技場,2014-07-05,2014-07-05
344,天皇賜盃第83回日本学生陸上競技対校選手権 ,熊谷スポーツ文化公園陸上競技場,2014-09-06,2014-09-06
345,第46回関東理工系学生対校陸上競技大会,埼玉県鴻巣市立陸上競技場,2014-09-14,2014-09-14
346,第87回日本体育大学陸上競技会,日本体育大学健志台陸上競技場,2014-09-20,2014-09-20
347,第6回日本大学競技会,日本大学文理学部陸上競技場,2014-09-28,2014-09-28
348,第88回日本体育大学陸上競技会,日本体育大学健志台陸上競技場,2014-10-11,2014-10-11
349,第29回 国公立24大学対校陸上競技大会,栃木県総合運動公園陸上競技場,2014-10-24,2014-10-24
350,第20回東京大学競技会,東京大学教養学部第一グラウンド,2014-11-01,2014-11-01
351,第13回かわさき陸上競技フェスティバル,町田市立陸上競技場,2014-11-03,2014-11-03
352,日本体育大学陸上競技選手権大会,日本体育大学健志台陸上競技場,2014-11-08,2014-11-08
353,第241回日本体育大学長距離競技会,日本体育大学健志台陸上競技場,2014-11-16,2014-11-16
354,第242回日本体育大学長距離記録会,日本体育大学健志台陸上競技場,2014-12-06,2014-12-06
355,第15回荒川河川敷大学対校駅伝競走大会,荒川河川敷,2014-12-21,2014-12-21
356,第12回　国公立24大学対校駅伝大会,熊谷スポーツ文化公園,2015-01-17,2015-01-17
357,第59回調布市民駅伝競走大会,味の素スタジアム,2015-01-25,2015-01-25
358,第60回昭島新春駅伝競走大会,光華小学校,2015-01-11,2015-01-11
359,立川シティハーフマラソン2015,国営昭和記念公園,2015-03-01,2015-03-01
360,平成26年度関東学連春季オープン競技会,江戸川区陸上競技場,2015-03-28,2015-03-28
361,第8回日本大学競技会,日本体育大学健志台陸上競技場,2015-03-29,2015-03-29
362,平成27年度第1回国士舘大学競技会,国士舘大学多摩陸上競技場,2015-04-04,2015-04-04
363,第49回織田幹雄記念国際陸上競技大会,エディオンスタジアム広島,2015-04-19,2015-04-19
364,第243回日本体育大学長距離記録会,日本体育大学健志台陸上競技場,2015-04-25,2015-04-25
365,第89回日本体育大学陸上競技会,日本体育大学健志台陸上競技場,2015-05-02,2015-05-02
366,第76回石川県陸上競技選手権大会,石川県西部緑地公園陸上競技場,2015-05-04,2015-05-04
367,第58回三鷹市陸上競技選手権大会 兼 第46回三鷹市陸上競技記録会,味の素スタジアム 西競技場,2015-05-05,2015-05-05
368,第94回関東学生陸上競技対校選手権大会,日産スタジアム,2015-05-16,2015-05-16
369,第63回東京地区国公立大学対校陸上競技大会,,2015-05-30,2015-05-30
370,第64回東京地区国公立大学対校陸上競技大会,,2015-05-30,2015-05-30
371,2015日本学生陸上競技個人選手権大会,スタジアム平塚,2015-06-13,2015-06-13
372,第91回日本体育大学陸上競技会,日本体育大学健志台陸上競技場,2015-06-20,2015-06-20
373,第12回13大学対校陸上競技大会,八王子市上柚木公園陸上競技場,2015-07-05,2015-07-05
374,第5回国士舘大学陸上競技会,国士舘大学多摩陸上競技場,2015-07-25,2015-07-25
375,第70回石川国民体育大会,石川県西武緑地公園陸上競技場,2015-07-19,2015-07-19
376,平成27年度夏季川越市陸上競技記録会,,2015-08-30,2015-08-30
377,天皇賜盃第84回日本学生陸上競技対校選手権大会,ヤンマースタジアム長居・ヤンマーフィールド長居,2015-09-12,2015-09-12
378,第40回石川県ナイター陸上競技大会,小松運動公園末広陸上競技場,2015-08-29,2015-08-29
379,第47回関東理工系学生対校陸上競技大会,駒場運動公園競技場,2015-09-20,2015-09-20
380,第30回　国公立25大学対抗陸上競技大会,とうほう・みんなのスタジアム,2015-10-10,2015-10-10
381,第９回小松市陸上競技フェスティバル,小松末広陸上競技場,2015-10-18,2015-10-18
382,平成27年度第7回国士舘大学競技会,国士舘大学多摩陸上競技場,2015-10-30,2015-10-30
383,第21回東京大学競技会,東京大学陸上競技場,2015-11-08,2015-11-08
384,第２４７回　日本体育大学長距離競技会,日本体育大学健志台陸上競技場,2015-11-15,2015-11-15
385,第２４８回　日本体育大学長距離競技会,日本体育大学健志台陸上競技場,2015-12-06,2015-12-06
386,題98回　日本陸上選手権大会,,2015-06-06,2015-06-06
387,第14回かわさき陸上競技フェスティバル,川崎市等々力陸上競技場,2015-10-18,2015-10-18
388,第16回荒川河川敷対校駅伝,荒川河川敷,2015-12-20,2015-12-20
389,第13回国公立25大対校駅伝大会,熊谷スポーツ文化公園,2016-01-16,2016-01-16
390,第６０回調布市民駅伝競走大会,,2016-01-31,2016-01-31
391,第８回国士舘大学競技会,国士舘大学多摩陸上競技場,2016-03-26,2016-03-26
392,平成２８年度関東学連春季オープン,国士舘大学多摩陸上競技場,2016-03-27,2016-03-27
393,平成28年度第一回七尾城山記録会,七尾市営城山陸上競技場　,2016-04-24,2016-04-24
394,平成28年度第2回国士舘大学競技会,国士舘大学多摩陸上競技場,2016-04-30,2016-04-30
395,第93回日本体育大学陸上競技会,日本体育大学健志台陸上競技場,2016-05-04,2016-05-04
396,第77回石川県陸上競技選手権,,2016-05-07,2016-05-07
397,第79 回東京陸上競技選手権大会,駒沢オリンピック公園総合運動場陸上競技場,2016-05-07,2016-05-07
398,第95回関東学生陸上競技対校選手権大会,日産スタジアム,2016-05-21,2016-05-21
399,第64回東京地区国公立対校陸上競技大会,町田市立陸上競技場,2016-05-29,2016-05-29
400,第13回13大学対校陸上競技大会,,2016-06-12,2016-06-12
401,第171回東海大学記録会,東海大学陸上競技場,2016-07-02,2016-07-02
402,第2回東京学芸大学ナイター競技会,東京学芸大学総合グラウンド,2016-07-09,2016-07-09
403,第７１回 国民体育大会陸上競技石川県予選会,,2016-07-17,2016-07-17
404,第11回N.S.S.U.オープン競技会,日本体育大学健志台陸上競技場,2016-08-06,2016-08-06
405,第60回北陸陸上競技選手権大会,新潟市陸上競技場?,2016-08-28,2016-08-28
406,第48回関東理工系学生対校陸上競技大会,鴻巣市陸上競技場,2016-09-11,2016-09-11
407,第31回国公立26大学陸上競技大会,Shonan BMW スタジアム平塚,2016-09-21,2016-09-21
408,小松市陸上競技フェスティバル,小松運動公園末広陸上競技場,2016-10-02,2016-10-02
409,第253回日体大長距離記録会,,2016-10-22,2016-10-22
410,第15回かわさき陸上競技フェスティバル,川崎市等々力陸上競技場,2016-10-29,2016-10-29
411,第23回東京大学陸上競技会,東京大学,2016-11-06,2016-11-06
412,第167回東海大長距離記録会,,2016-11-27,2016-11-27
413,第２５５回　日本体育大学長距離競技会,,2016-12-03,2016-12-03
414,第78回奥多摩渓谷駅伝競走大会,,2016-12-04,2016-12-04
415,第17回荒川大学対校駅伝,,2016-12-19,2016-12-19
416,第180回松戸記録会,,2016-12-23,2016-12-23
417,第14回国公立26大学対抗駅伝大会,,2017-01-14,2017-01-14
418,第61回調布市民駅伝競走大会,,2017-01-29,2017-01-29
419,第24回東京大学陸上競技会,東京大学陸上競技場,2017-03-18,2017-03-19
420,平成28年度関東学連春季オープン競技会,江戸川区陸上競技場,2017-03-25,2017-03-26
421,平成29年度第1回国士舘大学競技会,国士舘大学多摩陸上競技場,2017-04-01,2017-04-02
422,第99回日本体育大学陸上競技会,日本体育大学健志台陸上競技場,2017-04-29,2017-04-30
423,平成29年度第2回国士舘大学競技会,国士舘大学多摩陸上競技場,2017-05-06,2017-05-07
424,第96回関東学生陸上競技対校選手権大会,日産スタジアム,2017-05-25,2017-05-28
425,第２５７回日本体育大学長距離競技会,日本体育大学健志台陸上競技場,2017-06-03,2017-06-04
426,第1回慶応大学記録会,慶応大学日吉キャンパス,2017-06-04,2017-06-04
427,第1回山梨県長距離記録会,山梨中銀スタジアム,2017-06-10,2017-06-10
428,第65回東京地区国公立対抗陸上競技大会,鴻巣市立陸上競技場,2017-06-17,2017-06-17
429,第14回13大学対校陸上競技大会,上柚木公園陸上競技場,2017-06-25,2017-06-25
430,第3回東京学芸大学ナイター競技会,東京学芸大学総合グラウンド,2017-07-08,2017-07-08
431,第5回国士舘大学競技会,国士舘大学多摩キャンパス,2017-07-22,2017-07-23
432,第15回 渋谷区陸上競技会,駒沢オリンピック公園総合運動場陸上競技場,2017-07-29,2017-07-30
433,第56回はちおうじＴ＆Ｆトライアル,上柚木公園陸上競技場,2017-08-27,2017-08-27
434,第4回小松市陸上競技記録会,勧進帳スタジアム（末広陸上競技場）,2017-09-03,2017-09-03
435,第59回北信選手権大会,長野市営陸上競技場,2017-09-02,2017-09-03
436,第32回国公立26大学対校陸上競技大会,正田醤油スタジアム群馬,2017-09-15,2017-09-17
437,第6回国士舘大学競技会,国士舘大学多摩陸上競技場,2017-09-30,2017-10-01
438,かわさき陸上競技フェスティバル 2017,等々力陸上競技場,2017-10-21,2017-10-22
439,第25回東京大学陸上競技会,東京大学陸上競技場,2017-11-04,2017-11-05
440,第7回国士舘記録会,国士舘大学多摩陸上競技場,2017-11-04,2017-11-05
441,第２６０回日本体育大学長距離競技会,日本体育大学健志台陸上競技場,2017-11-11,2017-11-12
442,平成29年度関東学連春季オープン競技会,江戸川区陸上競技場,2018-03-23,2018-03-24
443,第1回国士舘大学競技会,国士舘大学多摩陸上競技場,2018-03-31,2018-04-01
444,第2回国士舘大学競技会,国士舘大学多摩陸上競技場,2018-05-05,2018-05-06
445,第97回関東学生陸上競技対校選手権大会,相模原ギオンスタジアム ,2018-05-24,2018-05-27
446,第66回東京地区国公立大学対校陸上競技大会,上柚木公園陸上競技場,2018-06-09,2018-06-09
447,第15回14大学対校陸上競技大会,上柚木公園陸上競技場,2018-06-24,2018-06-24
448,第5回国士舘大学競技会,国士舘大学多摩陸上競技場,2018-07-21,2018-07-22
